"outcome","OR","conf.low","conf.high","p.value"
"ENV_HMPRB_CON_MCQ",11.8935904950931,3.29193576237553,42.9709159217888,0.000158078991602205
